{"cameraMode":{"drawMode":0,"name":"Shaded","section":"Shading Mode"},"sceneLighting":false,"audioPlay":false,"sceneViewState":{"m_AlwaysRefresh":false,"showFog":true,"showSkybox":false,"showFlares":true,"showImageEffects":true,"showParticleSystems":true,"showVisualEffectGraphs":true,"m_FxEnabled":true},"in2DMode":false,"pivot":{"x":-30.31999969482422,"y":0.039999961853027347,"z":9.800000190734864},"rotation":{"x":-0.07786469906568527,"y":-0.7058805823326111,"z":0.07915738970041275,"w":-0.6989752054214478},"size":0.6123724579811096,"orthographic":false}